"Trace 0, x","Trace 0, y","January, x; February, x; March, x; April, x; May, x; June, x; July, x; August, x; September, x; October, x; November, x; December, x","January, y","January, text","Trace 2, x","Trace 2, y","February, y","February, text","Trace 4, x","Trace 4, y","March, y","March, text","Trace 6, x","Trace 6, y","April, y","April, text","Trace 8, x","Trace 8, y","May, y","May, text","Trace 10, x","Trace 10, y","June, y","June, text","Trace 12, x","Trace 12, y","July, y","July, text","Trace 14, x","Trace 14, y","August, y","August, text","Trace 16, x","Trace 16, y","September, y","September, text","Trace 18, x","Trace 18, y","October, y","October, text","Trace 20, x","Trace 20, y","November, y","November, text","Trace 22, x","Trace 22, y","December, y","December, text"
0,1.139342359,0,1.164191847,January<br>temp: 0.0<br>pdf(temp): 0.02,1,1.044397162,1.064036148,February<br>temp: 0.0<br>pdf(temp): 0.02,4,0.949451966,0.949475334,March<br>temp: 0.0<br>pdf(temp): 0.00,4,0.854506769,0.854696093,April<br>temp: 0.0<br>pdf(temp): 0.00,8,0.759561573,0.759561601,May<br>temp: 0.0<br>pdf(temp): 0.00,12,0.664616376,0.664616376,June<br>temp: 0.0<br>pdf(temp): 0.00,15,0.569671179,0.569671179,July<br>temp: 0.0<br>pdf(temp): 0.00,14,0.474725983,0.474725983,August<br>temp: 0.0<br>pdf(temp): 0.00,14,0.379780786,0.379780786,September<br>temp: 0.0<br>pdf(temp): 0.00,8,0.28483559,0.28483559,October<br>temp: 0.0<br>pdf(temp): 0.00,0,0.189890393,0.211822763,November<br>temp: 0.0<br>pdf(temp): 0.02,2,0.094945197,0.106250428,December<br>temp: 0.0<br>pdf(temp): 0.01
10,1.139342359,0.303030303,1.17023602,January<br>temp: 0.3<br>pdf(temp): 0.03,12,1.044397162,1.069695827,February<br>temp: 0.3<br>pdf(temp): 0.03,10,0.949451966,0.949528459,March<br>temp: 0.3<br>pdf(temp): 0.00,14,0.854506769,0.854847924,April<br>temp: 0.3<br>pdf(temp): 0.00,20,0.759561573,0.759561645,May<br>temp: 0.3<br>pdf(temp): 0.00,26,0.664616376,0.664616376,June<br>temp: 0.3<br>pdf(temp): 0.00,26,0.569671179,0.569671179,July<br>temp: 0.3<br>pdf(temp): 0.00,28,0.474725983,0.474725983,August<br>temp: 0.3<br>pdf(temp): 0.00,28,0.379780786,0.379780786,September<br>temp: 0.3<br>pdf(temp): 0.00,15,0.28483559,0.28483559,October<br>temp: 0.3<br>pdf(temp): 0.00,14,0.189890393,0.215186422,November<br>temp: 0.3<br>pdf(temp): 0.03,9,0.094945197,0.114845281,December<br>temp: 0.3<br>pdf(temp): 0.02
,,0.606060606,1.177096626,January<br>temp: 0.6<br>pdf(temp): 0.04,,,1.076299876,February<br>temp: 0.6<br>pdf(temp): 0.03,,,0.949680303,March<br>temp: 0.6<br>pdf(temp): 0.00,,,0.855097111,April<br>temp: 0.6<br>pdf(temp): 0.00,,,0.759561752,May<br>temp: 0.6<br>pdf(temp): 0.00,,,0.664616376,June<br>temp: 0.6<br>pdf(temp): 0.00,,,0.569671179,July<br>temp: 0.6<br>pdf(temp): 0.00,,,0.474725983,August<br>temp: 0.6<br>pdf(temp): 0.00,,,0.379780786,September<br>temp: 0.6<br>pdf(temp): 0.00,,,0.28483559,October<br>temp: 0.6<br>pdf(temp): 0.00,,,0.218608488,November<br>temp: 0.6<br>pdf(temp): 0.03,,,0.127189051,December<br>temp: 0.6<br>pdf(temp): 0.03
,,0.909090909,1.184587734,January<br>temp: 0.9<br>pdf(temp): 0.05,,,1.083844149,February<br>temp: 0.9<br>pdf(temp): 0.04,,,0.950073733,March<br>temp: 0.9<br>pdf(temp): 0.00,,,0.855489133,April<br>temp: 0.9<br>pdf(temp): 0.00,,,0.759562001,May<br>temp: 0.9<br>pdf(temp): 0.00,,,0.664616376,June<br>temp: 0.9<br>pdf(temp): 0.00,,,0.569671179,July<br>temp: 0.9<br>pdf(temp): 0.00,,,0.474725983,August<br>temp: 0.9<br>pdf(temp): 0.00,,,0.379780786,September<br>temp: 0.9<br>pdf(temp): 0.00,,,0.28483559,October<br>temp: 0.9<br>pdf(temp): 0.00,,,0.222002552,November<br>temp: 0.9<br>pdf(temp): 0.03,,,0.143182814,December<br>temp: 0.9<br>pdf(temp): 0.05
,,1.212121212,1.192375944,January<br>temp: 1.2<br>pdf(temp): 0.05,,,1.092285007,February<br>temp: 1.2<br>pdf(temp): 0.05,,,0.950997214,March<br>temp: 1.2<br>pdf(temp): 0.00,,,0.856081528,April<br>temp: 1.2<br>pdf(temp): 0.00,,,0.759562559,May<br>temp: 1.2<br>pdf(temp): 0.00,,,0.664616376,June<br>temp: 1.2<br>pdf(temp): 0.00,,,0.569671179,July<br>temp: 1.2<br>pdf(temp): 0.00,,,0.474725983,August<br>temp: 1.2<br>pdf(temp): 0.00,,,0.379780786,September<br>temp: 1.2<br>pdf(temp): 0.00,,,0.28483559,October<br>temp: 1.2<br>pdf(temp): 0.00,,,0.225289314,November<br>temp: 1.2<br>pdf(temp): 0.04,,,0.16187186,December<br>temp: 1.2<br>pdf(temp): 0.07
,,1.515151515,1.200007436,January<br>temp: 1.5<br>pdf(temp): 0.06,,,1.101525057,February<br>temp: 1.5<br>pdf(temp): 0.06,,,0.952959475,March<br>temp: 1.5<br>pdf(temp): 0.00,,,0.856943639,April<br>temp: 1.5<br>pdf(temp): 0.00,,,0.759563767,May<br>temp: 1.5<br>pdf(temp): 0.00,,,0.664616376,June<br>temp: 1.5<br>pdf(temp): 0.00,,,0.569671179,July<br>temp: 1.5<br>pdf(temp): 0.00,,,0.474725983,August<br>temp: 1.5<br>pdf(temp): 0.00,,,0.379780786,September<br>temp: 1.5<br>pdf(temp): 0.00,,,0.28483559,October<br>temp: 1.5<br>pdf(temp): 0.00,,,0.228411208,November<br>temp: 1.5<br>pdf(temp): 0.04,,,0.1816047,December<br>temp: 1.5<br>pdf(temp): 0.09
,,1.818181818,1.206980892,January<br>temp: 1.8<br>pdf(temp): 0.07,,,1.111395073,February<br>temp: 1.8<br>pdf(temp): 0.07,,,0.956731004,March<br>temp: 1.8<br>pdf(temp): 0.01,,,0.858155744,April<br>temp: 1.8<br>pdf(temp): 0.00,,,0.759566287,May<br>temp: 1.8<br>pdf(temp): 0.00,,,0.664616376,June<br>temp: 1.8<br>pdf(temp): 0.00,,,0.569671179,July<br>temp: 1.8<br>pdf(temp): 0.00,,,0.474725983,August<br>temp: 1.8<br>pdf(temp): 0.00,,,0.379780786,September<br>temp: 1.8<br>pdf(temp): 0.00,,,0.28483559,October<br>temp: 1.8<br>pdf(temp): 0.00,,,0.23134715,November<br>temp: 1.8<br>pdf(temp): 0.04,,,0.200560511,December<br>temp: 1.8<br>pdf(temp): 0.11
,,2.121212121,1.212853683,January<br>temp: 2.1<br>pdf(temp): 0.07,,,1.121637188,February<br>temp: 2.1<br>pdf(temp): 0.08,,,0.963283344,March<br>temp: 2.1<br>pdf(temp): 0.01,,,0.859807973,April<br>temp: 2.1<br>pdf(temp): 0.01,,,0.759571352,May<br>temp: 2.1<br>pdf(temp): 0.00,,,0.664616376,June<br>temp: 2.1<br>pdf(temp): 0.00,,,0.569671179,July<br>temp: 2.1<br>pdf(temp): 0.00,,,0.474725983,August<br>temp: 2.1<br>pdf(temp): 0.00,,,0.379780786,September<br>temp: 2.1<br>pdf(temp): 0.00,,,0.284835592,October<br>temp: 2.1<br>pdf(temp): 0.00,,,0.23412385,November<br>temp: 2.1<br>pdf(temp): 0.04,,,0.217388575,December<br>temp: 2.1<br>pdf(temp): 0.12
,,2.424242424,1.217354799,January<br>temp: 2.4<br>pdf(temp): 0.08,,,1.131897251,February<br>temp: 2.4<br>pdf(temp): 0.09,,,0.973567991,March<br>temp: 2.4<br>pdf(temp): 0.02,,,0.861999161,April<br>temp: 2.4<br>pdf(temp): 0.01,,,0.759581169,May<br>temp: 2.4<br>pdf(temp): 0.00,,,0.664616376,June<br>temp: 2.4<br>pdf(temp): 0.00,,,0.569671179,July<br>temp: 2.4<br>pdf(temp): 0.00,,,0.474725983,August<br>temp: 2.4<br>pdf(temp): 0.00,,,0.379780786,September<br>temp: 2.4<br>pdf(temp): 0.00,,,0.2848356,October<br>temp: 2.4<br>pdf(temp): 0.00,,,0.236819992,November<br>temp: 2.4<br>pdf(temp): 0.05,,,0.231555477,December<br>temp: 2.4<br>pdf(temp): 0.14
,,2.727272727,1.220472255,January<br>temp: 2.7<br>pdf(temp): 0.08,,,1.141734688,February<br>temp: 2.7<br>pdf(temp): 0.10,,,0.988155792,March<br>temp: 2.7<br>pdf(temp): 0.04,,,0.864834832,April<br>temp: 2.7<br>pdf(temp): 0.01,,,0.759599509,May<br>temp: 2.7<br>pdf(temp): 0.00,,,0.664616376,June<br>temp: 2.7<br>pdf(temp): 0.00,,,0.569671179,July<br>temp: 2.7<br>pdf(temp): 0.00,,,0.474725983,August<br>temp: 2.7<br>pdf(temp): 0.00,,,0.379780786,September<br>temp: 2.7<br>pdf(temp): 0.00,,,0.284835642,October<br>temp: 2.7<br>pdf(temp): 0.00,,,0.239560414,November<br>temp: 2.7<br>pdf(temp): 0.05,,,0.243144702,December<br>temp: 2.7<br>pdf(temp): 0.15
,,3.03030303,1.222487051,January<br>temp: 3.0<br>pdf(temp): 0.08,,,1.150654939,February<br>temp: 3.0<br>pdf(temp): 0.11,,,1.006887066,March<br>temp: 3.0<br>pdf(temp): 0.06,,,0.868422259,April<br>temp: 3.0<br>pdf(temp): 0.01,,,0.759632544,May<br>temp: 3.0<br>pdf(temp): 0.00,,,0.664616376,June<br>temp: 3.0<br>pdf(temp): 0.00,,,0.569671179,July<br>temp: 3.0<br>pdf(temp): 0.00,,,0.474725983,August<br>temp: 3.0<br>pdf(temp): 0.00,,,0.379780786,September<br>temp: 3.0<br>pdf(temp): 0.00,,,0.284835835,October<br>temp: 3.0<br>pdf(temp): 0.00,,,0.242499312,November<br>temp: 3.0<br>pdf(temp): 0.05,,,0.252252023,December<br>temp: 3.0<br>pdf(temp): 0.16
,,3.333333333,1.223938426,January<br>temp: 3.3<br>pdf(temp): 0.08,,,1.15816311,February<br>temp: 3.3<br>pdf(temp): 0.11,,,1.028768529,March<br>temp: 3.3<br>pdf(temp): 0.08,,,0.872859707,April<br>temp: 3.3<br>pdf(temp): 0.02,,,0.759689926,May<br>temp: 3.3<br>pdf(temp): 0.00,,,0.664616376,June<br>temp: 3.3<br>pdf(temp): 0.00,,,0.569671179,July<br>temp: 3.3<br>pdf(temp): 0.00,,,0.474725983,August<br>temp: 3.3<br>pdf(temp): 0.00,,,0.379780786,September<br>temp: 3.3<br>pdf(temp): 0.00,,,0.284836633,October<br>temp: 3.3<br>pdf(temp): 0.00,,,0.245794054,November<br>temp: 3.3<br>pdf(temp): 0.06,,,0.258476112,December<br>temp: 3.3<br>pdf(temp): 0.16
,,3.636363636,1.225521949,January<br>temp: 3.6<br>pdf(temp): 0.09,,,1.163829924,February<br>temp: 3.6<br>pdf(temp): 0.12,,,1.052274789,March<br>temp: 3.6<br>pdf(temp): 0.10,,,0.87821772,April<br>temp: 3.6<br>pdf(temp): 0.02,,,0.759786055,May<br>temp: 3.6<br>pdf(temp): 0.00,,,0.664616377,June<br>temp: 3.6<br>pdf(temp): 0.00,,,0.569671179,July<br>temp: 3.6<br>pdf(temp): 0.00,,,0.474725983,August<br>temp: 3.6<br>pdf(temp): 0.00,,,0.379780786,September<br>temp: 3.6<br>pdf(temp): 0.00,,,0.284839648,October<br>temp: 3.6<br>pdf(temp): 0.00,,,0.249573783,November<br>temp: 3.6<br>pdf(temp): 0.06,,,0.260992684,December<br>temp: 3.6<br>pdf(temp): 0.17
,,3.939393939,1.227938834,January<br>temp: 3.9<br>pdf(temp): 0.09,,,1.167355496,February<br>temp: 3.9<br>pdf(temp): 0.12,,,1.075946629,March<br>temp: 3.9<br>pdf(temp): 0.13,,,0.884513243,April<br>temp: 3.9<br>pdf(temp): 0.03,,,0.759941413,May<br>temp: 3.9<br>pdf(temp): 0.00,,,0.664616378,June<br>temp: 3.9<br>pdf(temp): 0.00,,,0.569671179,July<br>temp: 3.9<br>pdf(temp): 0.00,,,0.474725983,August<br>temp: 3.9<br>pdf(temp): 0.00,,,0.379780786,September<br>temp: 3.9<br>pdf(temp): 0.00,,,0.28485,October<br>temp: 3.9<br>pdf(temp): 0.00,,,0.253908916,November<br>temp: 3.9<br>pdf(temp): 0.06,,,0.259260437,December<br>temp: 3.9<br>pdf(temp): 0.16
,,4.242424242,1.23172861,January<br>temp: 4.2<br>pdf(temp): 0.09,,,1.168615551,February<br>temp: 4.2<br>pdf(temp): 0.12,,,1.098888682,March<br>temp: 4.2<br>pdf(temp): 0.15,,,0.891682088,April<br>temp: 4.2<br>pdf(temp): 0.04,,,0.760183716,May<br>temp: 4.2<br>pdf(temp): 0.00,,,0.664616383,June<br>temp: 4.2<br>pdf(temp): 0.00,,,0.569671179,July<br>temp: 4.2<br>pdf(temp): 0.00,,,0.474725983,August<br>temp: 4.2<br>pdf(temp): 0.00,,,0.379780786,September<br>temp: 4.2<br>pdf(temp): 0.00,,,0.284882314,October<br>temp: 4.2<br>pdf(temp): 0.00,,,0.258788221,November<br>temp: 4.2<br>pdf(temp): 0.07,,,0.253847603,December<br>temp: 4.2<br>pdf(temp): 0.16
,,4.545454545,1.237125079,January<br>temp: 4.5<br>pdf(temp): 0.10,,,1.167679299,February<br>temp: 4.5<br>pdf(temp): 0.12,,,1.120727263,March<br>temp: 4.5<br>pdf(temp): 0.17,,,0.899559601,April<br>temp: 4.5<br>pdf(temp): 0.05,,,0.76054857,May<br>temp: 4.5<br>pdf(temp): 0.00,,,0.664616398,June<br>temp: 4.5<br>pdf(temp): 0.00,,,0.569671179,July<br>temp: 4.5<br>pdf(temp): 0.00,,,0.474725984,August<br>temp: 4.5<br>pdf(temp): 0.00,,,0.379780786,September<br>temp: 4.5<br>pdf(temp): 0.00,,,0.284973953,October<br>temp: 4.5<br>pdf(temp): 0.00,,,0.264109122,November<br>temp: 4.5<br>pdf(temp): 0.07,,,0.246656988,December<br>temp: 4.5<br>pdf(temp): 0.15
,,4.848484848,1.243974447,January<br>temp: 4.8<br>pdf(temp): 0.10,,,1.164796524,February<br>temp: 4.8<br>pdf(temp): 0.12,,,1.140936264,March<br>temp: 4.8<br>pdf(temp): 0.19,,,0.907880559,April<br>temp: 4.8<br>pdf(temp): 0.05,,,0.761079298,May<br>temp: 4.8<br>pdf(temp): 0.00,,,0.664616441,June<br>temp: 4.8<br>pdf(temp): 0.00,,,0.569671179,July<br>temp: 4.8<br>pdf(temp): 0.00,,,0.474725985,August<br>temp: 4.8<br>pdf(temp): 0.00,,,0.379780787,September<br>temp: 4.8<br>pdf(temp): 0.00,,,0.285209844,October<br>temp: 4.8<br>pdf(temp): 0.00,,,0.269684294,November<br>temp: 4.8<br>pdf(temp): 0.08,,,0.240198465,December<br>temp: 4.8<br>pdf(temp): 0.15
,,5.151515152,1.25174222,January<br>temp: 5.2<br>pdf(temp): 0.11,,,1.160359997,February<br>temp: 5.2<br>pdf(temp): 0.12,,,1.157988441,March<br>temp: 5.2<br>pdf(temp): 0.21,,,0.91630514,April<br>temp: 5.2<br>pdf(temp): 0.06,,,0.761825663,May<br>temp: 5.2<br>pdf(temp): 0.00,,,0.66461656,June<br>temp: 5.2<br>pdf(temp): 0.00,,,0.569671179,July<br>temp: 5.2<br>pdf(temp): 0.00,,,0.474725988,August<br>temp: 5.2<br>pdf(temp): 0.00,,,0.379780787,September<br>temp: 5.2<br>pdf(temp): 0.00,,,0.285760479,October<br>temp: 5.2<br>pdf(temp): 0.00,,,0.275264089,November<br>temp: 5.2<br>pdf(temp): 0.09,,,0.236271508,December<br>temp: 5.2<br>pdf(temp): 0.14
,,5.454545455,1.259612567,January<br>temp: 5.5<br>pdf(temp): 0.12,,,1.154854493,February<br>temp: 5.5<br>pdf(temp): 0.11,,,1.169098337,March<br>temp: 5.5<br>pdf(temp): 0.22,,,0.924468541,April<br>temp: 5.5<br>pdf(temp): 0.07,,,0.762841419,May<br>temp: 5.5<br>pdf(temp): 0.00,,,0.664616875,June<br>temp: 5.5<br>pdf(temp): 0.00,,,0.569671179,July<br>temp: 5.5<br>pdf(temp): 0.00,,,0.474725997,August<br>temp: 5.5<br>pdf(temp): 0.00,,,0.379780789,September<br>temp: 5.5<br>pdf(temp): 0.00,,,0.286924632,October<br>temp: 5.5<br>pdf(temp): 0.00,,,0.280570707,November<br>temp: 5.5<br>pdf(temp): 0.09,,,0.234920045,December<br>temp: 5.5<br>pdf(temp): 0.14
,,5.757575758,1.266656148,January<br>temp: 5.8<br>pdf(temp): 0.13,,,1.148803668,February<br>temp: 5.8<br>pdf(temp): 0.10,,,1.171042994,March<br>temp: 5.8<br>pdf(temp): 0.22,,,0.932041106,April<br>temp: 5.8<br>pdf(temp): 0.08,,,0.764180926,May<br>temp: 5.8<br>pdf(temp): 0.00,,,0.66461767,June<br>temp: 5.8<br>pdf(temp): 0.00,,,0.569671179,July<br>temp: 5.8<br>pdf(temp): 0.00,,,0.474726019,August<br>temp: 5.8<br>pdf(temp): 0.00,,,0.379780793,September<br>temp: 5.8<br>pdf(temp): 0.00,,,0.289150617,October<br>temp: 5.8<br>pdf(temp): 0.00,,,0.285337325,November<br>temp: 5.8<br>pdf(temp): 0.10,,,0.234388739,December<br>temp: 5.8<br>pdf(temp): 0.14
,,6.060606061,1.272020045,January<br>temp: 6.1<br>pdf(temp): 0.13,,,1.142721742,February<br>temp: 6.1<br>pdf(temp): 0.10,,,1.16177798,March<br>temp: 6.1<br>pdf(temp): 0.21,,,0.938779089,April<br>temp: 6.1<br>pdf(temp): 0.08,,,0.765895377,May<br>temp: 6.1<br>pdf(temp): 0.01,,,0.664619582,June<br>temp: 6.1<br>pdf(temp): 0.00,,,0.56967118,July<br>temp: 6.1<br>pdf(temp): 0.00,,,0.47472607,August<br>temp: 6.1<br>pdf(temp): 0.00,,,0.379780805,September<br>temp: 6.1<br>pdf(temp): 0.00,,,0.292993531,October<br>temp: 6.1<br>pdf(temp): 0.01,,,0.289344271,November<br>temp: 6.1<br>pdf(temp): 0.10,,,0.232127642,December<br>temp: 6.1<br>pdf(temp): 0.14
,,6.363636364,1.275086553,January<br>temp: 6.4<br>pdf(temp): 0.14,,,1.137071481,February<br>temp: 6.4<br>pdf(temp): 0.09,,,1.141870122,March<br>temp: 6.4<br>pdf(temp): 0.19,,,0.944547924,April<br>temp: 6.4<br>pdf(temp): 0.09,,,0.768029455,May<br>temp: 6.4<br>pdf(temp): 0.01,,,0.664623968,June<br>temp: 6.4<br>pdf(temp): 0.00,,,0.56967118,July<br>temp: 6.4<br>pdf(temp): 0.00,,,0.474726188,August<br>temp: 6.4<br>pdf(temp): 0.00,,,0.379780835,September<br>temp: 6.4<br>pdf(temp): 0.00,,,0.298972227,October<br>temp: 6.4<br>pdf(temp): 0.01,,,0.29244518,November<br>temp: 6.4<br>pdf(temp): 0.10,,,0.226186641,December<br>temp: 6.4<br>pdf(temp): 0.13
,,6.666666667,1.275560404,January<br>temp: 6.7<br>pdf(temp): 0.14,,,1.132226692,February<br>temp: 6.7<br>pdf(temp): 0.09,,,1.114743165,March<br>temp: 6.7<br>pdf(temp): 0.17,,,0.949310676,April<br>temp: 6.7<br>pdf(temp): 0.09,,,0.77061927,May<br>temp: 6.7<br>pdf(temp): 0.01,,,0.664633566,June<br>temp: 6.7<br>pdf(temp): 0.00,,,0.56967118,July<br>temp: 6.7<br>pdf(temp): 0.00,,,0.474726449,August<br>temp: 6.7<br>pdf(temp): 0.00,,,0.379780913,September<br>temp: 6.7<br>pdf(temp): 0.00,,,0.307339425,October<br>temp: 6.7<br>pdf(temp): 0.02,,,0.29457858,November<br>temp: 6.7<br>pdf(temp): 0.10,,,0.216138477,December<br>temp: 6.7<br>pdf(temp): 0.12
,,6.96969697,1.273471242,January<br>temp: 7.0<br>pdf(temp): 0.13,,,1.128438107,February<br>temp: 7.0<br>pdf(temp): 0.08,,,1.085477995,March<br>temp: 7.0<br>pdf(temp): 0.14,,,0.953089673,April<br>temp: 7.0<br>pdf(temp): 0.10,,,0.773692158,May<br>temp: 7.0<br>pdf(temp): 0.01,,,0.664653582,June<br>temp: 7.0<br>pdf(temp): 0.00,,,0.56967118,July<br>temp: 7.0<br>pdf(temp): 0.00,,,0.474727007,August<br>temp: 7.0<br>pdf(temp): 0.00,,,0.379781104,September<br>temp: 7.0<br>pdf(temp): 0.00,,,0.317863485,October<br>temp: 7.0<br>pdf(temp): 0.03,,,0.295763777,November<br>temp: 7.0<br>pdf(temp): 0.11,,,0.203070178,December<br>temp: 7.0<br>pdf(temp): 0.11
,,7.272727273,1.269107276,January<br>temp: 7.3<br>pdf(temp): 0.13,,,1.12580531,February<br>temp: 7.3<br>pdf(temp): 0.08,,,1.058879069,March<br>temp: 7.3<br>pdf(temp): 0.11,,,0.955921577,April<br>temp: 7.3<br>pdf(temp): 0.10,,,0.777268379,May<br>temp: 7.3<br>pdf(temp): 0.02,,,0.664693363,June<br>temp: 7.3<br>pdf(temp): 0.00,,,0.569671183,July<br>temp: 7.3<br>pdf(temp): 0.00,,,0.474728163,August<br>temp: 7.3<br>pdf(temp): 0.00,,,0.379781553,September<br>temp: 7.3<br>pdf(temp): 0.00,,,0.329783385,October<br>temp: 7.3<br>pdf(temp): 0.04,,,0.296083366,November<br>temp: 7.3<br>pdf(temp): 0.11,,,0.188824202,December<br>temp: 7.3<br>pdf(temp): 0.09
,,7.575757576,1.262913979,January<br>temp: 7.6<br>pdf(temp): 0.12,,,1.124261498,February<br>temp: 7.6<br>pdf(temp): 0.08,,,1.037959218,March<br>temp: 7.6<br>pdf(temp): 0.09,,,0.957828973,April<br>temp: 7.6<br>pdf(temp): 0.10,,,0.781364006,May<br>temp: 7.6<br>pdf(temp): 0.02,,,0.664768681,June<br>temp: 7.6<br>pdf(temp): 0.00,,,0.56967119,July<br>temp: 7.6<br>pdf(temp): 0.00,,,0.474730472,August<br>temp: 7.6<br>pdf(temp): 0.00,,,0.379782569,September<br>temp: 7.6<br>pdf(temp): 0.00,,,0.342056657,October<br>temp: 7.6<br>pdf(temp): 0.06,,,0.295657272,November<br>temp: 7.6<br>pdf(temp): 0.11,,,0.175070596,December<br>temp: 7.6<br>pdf(temp): 0.08
,,7.878787879,1.255392538,January<br>temp: 7.9<br>pdf(temp): 0.12,,,1.123579137,February<br>temp: 7.9<br>pdf(temp): 0.08,,,1.023589487,March<br>temp: 7.9<br>pdf(temp): 0.07,,,0.958822953,April<br>temp: 7.9<br>pdf(temp): 0.10,,,0.785993572,May<br>temp: 7.9<br>pdf(temp): 0.03,,,0.664904468,June<br>temp: 7.9<br>pdf(temp): 0.00,,,0.569671211,July<br>temp: 7.9<br>pdf(temp): 0.00,,,0.474734929,August<br>temp: 7.9<br>pdf(temp): 0.00,,,0.379784781,September<br>temp: 7.9<br>pdf(temp): 0.00,,,0.353843938,October<br>temp: 7.9<br>pdf(temp): 0.07,,,0.294614407,November<br>temp: 7.9<br>pdf(temp): 0.10,,,0.162736908,December<br>temp: 7.9<br>pdf(temp): 0.07
,,8.181818182,1.247020203,January<br>temp: 8.2<br>pdf(temp): 0.11,,,1.123401501,February<br>temp: 8.2<br>pdf(temp): 0.08,,,1.015184385,March<br>temp: 8.2<br>pdf(temp): 0.07,,,0.958935605,April<br>temp: 8.2<br>pdf(temp): 0.10,,,0.791170615,May<br>temp: 8.2<br>pdf(temp): 0.03,,,0.665137479,June<br>temp: 8.2<br>pdf(temp): 0.00,,,0.569671272,July<br>temp: 8.2<br>pdf(temp): 0.00,,,0.47474324,August<br>temp: 8.2<br>pdf(temp): 0.00,,,0.379789423,September<br>temp: 8.2<br>pdf(temp): 0.00,,,0.364957306,October<br>temp: 8.2<br>pdf(temp): 0.08,,,0.293067742,November<br>temp: 8.2<br>pdf(temp): 0.10,,,0.151968167,December<br>temp: 8.2<br>pdf(temp): 0.06
,,8.484848485,1.238198909,January<br>temp: 8.5<br>pdf(temp): 0.10,,,1.123298322,February<br>temp: 8.5<br>pdf(temp): 0.08,,,1.011654546,March<br>temp: 8.5<br>pdf(temp): 0.06,,,0.958266251,April<br>temp: 8.5<br>pdf(temp): 0.10,,,0.796904354,May<br>temp: 8.5<br>pdf(temp): 0.04,,,0.665517862,June<br>temp: 8.5<br>pdf(temp): 0.00,,,0.569671436,July<br>temp: 8.5<br>pdf(temp): 0.00,,,0.474758205,August<br>temp: 8.5<br>pdf(temp): 0.00,,,0.3797988,September<br>temp: 8.5<br>pdf(temp): 0.00,,,0.375929308,October<br>temp: 8.5<br>pdf(temp): 0.09,,,0.291097148,November<br>temp: 8.5<br>pdf(temp): 0.10,,,0.142448643,December<br>temp: 8.5<br>pdf(temp): 0.05
,,8.787878788,1.229228727,January<br>temp: 8.8<br>pdf(temp): 0.09,,,1.122836086,February<br>temp: 8.8<br>pdf(temp): 0.08,,,1.011896949,March<br>temp: 8.8<br>pdf(temp): 0.06,,,0.957017876,April<br>temp: 8.8<br>pdf(temp): 0.10,,,0.803191393,May<br>temp: 8.8<br>pdf(temp): 0.04,,,0.666108278,June<br>temp: 8.8<br>pdf(temp): 0.00,,,0.569671864,July<br>temp: 8.8<br>pdf(temp): 0.00,,,0.474784232,August<br>temp: 8.8<br>pdf(temp): 0.00,,,0.379817051,September<br>temp: 8.8<br>pdf(temp): 0.00,,,0.387562622,October<br>temp: 8.8<br>pdf(temp): 0.10,,,0.288742265,November<br>temp: 8.8<br>pdf(temp): 0.10,,,0.133792978,December<br>temp: 8.8<br>pdf(temp): 0.04
,,9.090909091,1.220301479,January<br>temp: 9.1<br>pdf(temp): 0.08,,,1.121648191,February<br>temp: 9.1<br>pdf(temp): 0.08,,,1.014666255,March<br>temp: 9.1<br>pdf(temp): 0.07,,,0.955503097,April<br>temp: 9.1<br>pdf(temp): 0.10,,,0.810002652,May<br>temp: 9.1<br>pdf(temp): 0.05,,,0.666979108,June<br>temp: 9.1<br>pdf(temp): 0.00,,,0.569672924,July<br>temp: 9.1<br>pdf(temp): 0.00,,,0.474827953,August<br>temp: 9.1<br>pdf(temp): 0.00,,,0.379851275,September<br>temp: 9.1<br>pdf(temp): 0.00,,,0.400207424,October<br>temp: 9.1<br>pdf(temp): 0.12,,,0.28600546,November<br>temp: 9.1<br>pdf(temp): 0.10,,,0.125796599,December<br>temp: 9.1<br>pdf(temp): 0.03
,,9.393939394,1.211513023,January<br>temp: 9.4<br>pdf(temp): 0.07,,,1.119489478,February<br>temp: 9.4<br>pdf(temp): 0.08,,,1.018250587,March<br>temp: 9.4<br>pdf(temp): 0.07,,,0.954110108,April<br>temp: 9.4<br>pdf(temp): 0.10,,,0.817267305,May<br>temp: 9.4<br>pdf(temp): 0.06,,,0.668198949,June<br>temp: 9.4<br>pdf(temp): 0.00,,,0.569675443,July<br>temp: 9.4<br>pdf(temp): 0.00,,,0.47489889,August<br>temp: 9.4<br>pdf(temp): 0.00,,,0.379913131,September<br>temp: 9.4<br>pdf(temp): 0.00,,,0.413290586,October<br>temp: 9.4<br>pdf(temp): 0.13,,,0.282863021,November<br>temp: 9.4<br>pdf(temp): 0.09,,,0.118490594,December<br>temp: 9.4<br>pdf(temp): 0.02
,,9.696969697,1.202893675,January<br>temp: 9.7<br>pdf(temp): 0.06,,,1.116263884,February<br>temp: 9.7<br>pdf(temp): 0.07,,,1.020504783,March<br>temp: 9.7<br>pdf(temp): 0.07,,,0.953232981,April<br>temp: 9.7<br>pdf(temp): 0.10,,,0.824857121,May<br>temp: 9.7<br>pdf(temp): 0.07,,,0.669821043,June<br>temp: 9.7<br>pdf(temp): 0.01,,,0.569681164,July<br>temp: 9.7<br>pdf(temp): 0.00,,,0.475010065,August<br>temp: 9.7<br>pdf(temp): 0.00,,,0.380020926,September<br>temp: 9.7<br>pdf(temp): 0.00,,,0.425511416,October<br>temp: 9.7<br>pdf(temp): 0.14,,,0.279281428,November<br>temp: 9.7<br>pdf(temp): 0.09,,,0.112057636,December<br>temp: 9.7<br>pdf(temp): 0.02
,,10,1.194452031,January<br>temp: 10.0<br>pdf(temp): 0.06,,,1.112021569,February<br>temp: 10.0<br>pdf(temp): 0.07,,,1.019428805,March<br>temp: 10.0<br>pdf(temp): 0.07,,,0.953182545,April<br>temp: 10.0<br>pdf(temp): 0.10,,,0.832575709,May<br>temp: 10.0<br>pdf(temp): 0.07,,,0.671868449,June<br>temp: 10.0<br>pdf(temp): 0.01,,,0.569693591,July<br>temp: 10.0<br>pdf(temp): 0.00,,,0.475178398,August<br>temp: 10.0<br>pdf(temp): 0.00,,,0.380202123,September<br>temp: 10.0<br>pdf(temp): 0.00,,,0.435632963,October<br>temp: 10.0<br>pdf(temp): 0.15,,,0.275234952,November<br>temp: 10.0<br>pdf(temp): 0.09,,,0.106699389,December<br>temp: 10.0<br>pdf(temp): 0.01
,,10.3030303,1.186220469,January<br>temp: 10.3<br>pdf(temp): 0.05,,,1.106929959,February<br>temp: 10.3<br>pdf(temp): 0.06,,,1.013968721,March<br>temp: 10.3<br>pdf(temp): 0.06,,,0.954100563,April<br>temp: 10.3<br>pdf(temp): 0.10,,,0.84015744,May<br>temp: 10.3<br>pdf(temp): 0.08,,,0.674322946,June<br>temp: 10.3<br>pdf(temp): 0.01,,,0.569719419,July<br>temp: 10.3<br>pdf(temp): 0.00,,,0.4754247,August<br>temp: 10.3<br>pdf(temp): 0.00,,,0.380496053,September<br>temp: 10.3<br>pdf(temp): 0.00,,,0.443288932,October<br>temp: 10.3<br>pdf(temp): 0.16,,,0.27072089,November<br>temp: 10.3<br>pdf(temp): 0.08,,,0.10252748,December<br>temp: 10.3<br>pdf(temp): 0.01
,,10.60606061,1.178286681,January<br>temp: 10.6<br>pdf(temp): 0.04,,,1.101229149,February<br>temp: 10.6<br>pdf(temp): 0.06,,,1.004491447,March<br>temp: 10.6<br>pdf(temp): 0.06,,,0.955900518,April<br>temp: 10.6<br>pdf(temp): 0.10,,,0.847279805,May<br>temp: 10.6<br>pdf(temp): 0.09,,,0.677123778,June<br>temp: 10.6<br>pdf(temp): 0.01,,,0.569770792,July<br>temp: 10.6<br>pdf(temp): 0.00,,,0.475773098,August<br>temp: 10.6<br>pdf(temp): 0.00,,,0.380956443,September<br>temp: 10.6<br>pdf(temp): 0.00,,,0.449134398,October<br>temp: 10.6<br>pdf(temp): 0.16,,,0.265769597,November<br>temp: 10.6<br>pdf(temp): 0.08,,,0.099514316,December<br>temp: 10.6<br>pdf(temp): 0.00
,,10.90909091,1.170798985,January<br>temp: 10.9<br>pdf(temp): 0.03,,,1.095184305,February<br>temp: 10.9<br>pdf(temp): 0.05,,,0.992601361,March<br>temp: 10.9<br>pdf(temp): 0.04,,,0.958253233,April<br>temp: 10.9<br>pdf(temp): 0.10,,,0.853590719,May<br>temp: 10.9<br>pdf(temp): 0.09,,,0.680181378,June<br>temp: 10.9<br>pdf(temp): 0.02,,,0.569868585,July<br>temp: 10.9<br>pdf(temp): 0.00,,,0.476249797,August<br>temp: 10.9<br>pdf(temp): 0.00,,,0.381653167,September<br>temp: 10.9<br>pdf(temp): 0.00,,,0.454135513,October<br>temp: 10.9<br>pdf(temp): 0.17,,,0.260447664,November<br>temp: 10.9<br>pdf(temp): 0.07,,,0.097505932,December<br>temp: 10.9<br>pdf(temp): 0.00
,,11.21212121,1.163943248,January<br>temp: 11.2<br>pdf(temp): 0.02,,,1.089045972,February<br>temp: 11.2<br>pdf(temp): 0.04,,,0.980417606,March<br>temp: 11.2<br>pdf(temp): 0.03,,,0.960625778,April<br>temp: 11.2<br>pdf(temp): 0.11,,,0.858748983,May<br>temp: 11.2<br>pdf(temp): 0.10,,,0.68340755,June<br>temp: 11.2<br>pdf(temp): 0.02,,,0.570046776,July<br>temp: 11.2<br>pdf(temp): 0.00,,,0.476881228,August<br>temp: 11.2<br>pdf(temp): 0.00,,,0.382672587,September<br>temp: 11.2<br>pdf(temp): 0.00,,,0.458491225,October<br>temp: 11.2<br>pdf(temp): 0.17,,,0.254854111,November<br>temp: 11.2<br>pdf(temp): 0.06,,,0.096275034,December<br>temp: 11.2<br>pdf(temp): 0.00
,,11.51515152,1.15790092,January<br>temp: 11.5<br>pdf(temp): 0.02,,,1.08302473,February<br>temp: 11.5<br>pdf(temp): 0.04,,,0.969749826,March<br>temp: 11.5<br>pdf(temp): 0.02,,,0.962369154,April<br>temp: 11.5<br>pdf(temp): 0.11,,,0.862472485,May<br>temp: 11.5<br>pdf(temp): 0.10,,,0.686757814,June<br>temp: 11.5<br>pdf(temp): 0.02,,,0.570357583,July<br>temp: 11.5<br>pdf(temp): 0.00,,,0.477691863,August<br>temp: 11.5<br>pdf(temp): 0.00,,,0.384115811,September<br>temp: 11.5<br>pdf(temp): 0.00,,,0.461042144,October<br>temp: 11.5<br>pdf(temp): 0.18,,,0.249110849,November<br>temp: 11.5<br>pdf(temp): 0.06,,,0.095583205,December<br>temp: 11.5<br>pdf(temp): 0.00
,,11.81818182,1.152804832,January<br>temp: 11.8<br>pdf(temp): 0.01,,,1.077281306,February<br>temp: 11.8<br>pdf(temp): 0.03,,,0.961590593,March<br>temp: 11.8<br>pdf(temp): 0.01,,,0.962836813,April<br>temp: 11.8<br>pdf(temp): 0.11,,,0.864585659,May<br>temp: 11.8<br>pdf(temp): 0.11,,,0.690275539,June<br>temp: 11.8<br>pdf(temp): 0.03,,,0.570876529,July<br>temp: 11.8<br>pdf(temp): 0.00,,,0.478702115,August<br>temp: 11.8<br>pdf(temp): 0.00,,,0.386094411,September<br>temp: 11.8<br>pdf(temp): 0.01,,,0.459715142,October<br>temp: 11.8<br>pdf(temp): 0.17,,,0.24334965,November<br>temp: 11.8<br>pdf(temp): 0.05,,,0.095227292,December<br>temp: 11.8<br>pdf(temp): 0.00
,,12.12121212,1.148708786,January<br>temp: 12.1<br>pdf(temp): 0.01,,,1.07192887,February<br>temp: 12.1<br>pdf(temp): 0.03,,,0.956070427,March<br>temp: 12.1<br>pdf(temp): 0.01,,,0.961506477,April<br>temp: 12.1<br>pdf(temp): 0.11,,,0.865056236,May<br>temp: 12.1<br>pdf(temp): 0.11,,,0.69412336,June<br>temp: 12.1<br>pdf(temp): 0.03,,,0.571705896,July<br>temp: 12.1<br>pdf(temp): 0.00,,,0.479926937,August<br>temp: 12.1<br>pdf(temp): 0.01,,,0.388723454,September<br>temp: 12.1<br>pdf(temp): 0.01,,,0.452783497,October<br>temp: 12.1<br>pdf(temp): 0.17,,,0.237698316,November<br>temp: 12.1<br>pdf(temp): 0.05,,,0.095059925,December<br>temp: 12.1<br>pdf(temp): 0.00
,,12.42424242,1.145579704,January<br>temp: 12.4<br>pdf(temp): 0.01,,,1.067041995,February<br>temp: 12.4<br>pdf(temp): 0.02,,,0.952740937,March<br>temp: 12.4<br>pdf(temp): 0.00,,,0.958075672,April<br>temp: 12.4<br>pdf(temp): 0.10,,,0.864012165,May<br>temp: 12.4<br>pdf(temp): 0.10,,,0.698587531,June<br>temp: 12.4<br>pdf(temp): 0.03,,,0.57297441,July<br>temp: 12.4<br>pdf(temp): 0.00,,,0.481375679,August<br>temp: 12.4<br>pdf(temp): 0.01,,,0.392112126,September<br>temp: 12.4<br>pdf(temp): 0.01,,,0.440091401,October<br>temp: 12.4<br>pdf(temp): 0.16,,,0.232268562,November<br>temp: 12.4<br>pdf(temp): 0.04,,,0.094988052,December<br>temp: 12.4<br>pdf(temp): 0.00
,,12.72727273,1.143311566,January<br>temp: 12.7<br>pdf(temp): 0.00,,,1.062666784,February<br>temp: 12.7<br>pdf(temp): 0.02,,,0.950941313,March<br>temp: 12.7<br>pdf(temp): 0.00,,,0.952508794,April<br>temp: 12.7<br>pdf(temp): 0.10,,,0.861732881,May<br>temp: 12.7<br>pdf(temp): 0.10,,,0.704045916,June<br>temp: 12.7<br>pdf(temp): 0.04,,,0.57483077,July<br>temp: 12.7<br>pdf(temp): 0.01,,,0.483053602,August<br>temp: 12.7<br>pdf(temp): 0.01,,,0.396352639,September<br>temp: 12.7<br>pdf(temp): 0.02,,,0.423397349,October<br>temp: 12.7<br>pdf(temp): 0.14,,,0.227147478,November<br>temp: 12.7<br>pdf(temp): 0.04,,,0.094959882,December<br>temp: 12.7<br>pdf(temp): 0.00
,,13.03030303,1.141753071,January<br>temp: 13.0<br>pdf(temp): 0.00,,,1.058828459,February<br>temp: 13.0<br>pdf(temp): 0.01,,,0.950066463,March<br>temp: 13.0<br>pdf(temp): 0.00,,,0.945027951,April<br>temp: 13.0<br>pdf(temp): 0.09,,,0.858614301,May<br>temp: 13.0<br>pdf(temp): 0.10,,,0.710899506,June<br>temp: 13.0<br>pdf(temp): 0.05,,,0.577429162,July<br>temp: 13.0<br>pdf(temp): 0.01,,,0.484965117,August<br>temp: 13.0<br>pdf(temp): 0.01,,,0.401508446,September<br>temp: 13.0<br>pdf(temp): 0.02,,,0.405616044,October<br>temp: 13.0<br>pdf(temp): 0.12,,,0.222393506,November<br>temp: 13.0<br>pdf(temp): 0.03,,,0.094949809,December<br>temp: 13.0<br>pdf(temp): 0.00
,,13.33333333,1.140738436,January<br>temp: 13.3<br>pdf(temp): 0.00,,,1.055535155,February<br>temp: 13.3<br>pdf(temp): 0.01,,,0.949682964,March<br>temp: 13.3<br>pdf(temp): 0.00,,,0.936056108,April<br>temp: 13.3<br>pdf(temp): 0.08,,,0.855112856,May<br>temp: 13.3<br>pdf(temp): 0.10,,,0.719478059,June<br>temp: 13.3<br>pdf(temp): 0.05,,,0.580906553,July<br>temp: 13.3<br>pdf(temp): 0.01,,,0.487118377,August<br>temp: 13.3<br>pdf(temp): 0.01,,,0.407602997,September<br>temp: 13.3<br>pdf(temp): 0.03,,,0.389479512,October<br>temp: 13.3<br>pdf(temp): 0.10,,,0.218036932,November<br>temp: 13.3<br>pdf(temp): 0.03,,,0.094946523,December<br>temp: 13.3<br>pdf(temp): 0.00
,,13.63636364,1.140112692,January<br>temp: 13.6<br>pdf(temp): 0.00,,,1.052778733,February<br>temp: 13.6<br>pdf(temp): 0.01,,,0.949531079,March<br>temp: 13.6<br>pdf(temp): 0.00,,,0.926132835,April<br>temp: 13.6<br>pdf(temp): 0.07,,,0.851678877,May<br>temp: 13.6<br>pdf(temp): 0.09,,,0.729939591,June<br>temp: 13.6<br>pdf(temp): 0.07,,,0.585354155,July<br>temp: 13.6<br>pdf(temp): 0.02,,,0.48953044,August<br>temp: 13.6<br>pdf(temp): 0.01,,,0.41461026,September<br>temp: 13.6<br>pdf(temp): 0.03,,,0.376445958,October<br>temp: 13.6<br>pdf(temp): 0.09,,,0.214084039,November<br>temp: 13.6<br>pdf(temp): 0.02,,,0.094945546,December<br>temp: 13.6<br>pdf(temp): 0.00
,,13.93939394,1.139747131,January<br>temp: 13.9<br>pdf(temp): 0.00,,,1.050534534,February<br>temp: 13.9<br>pdf(temp): 0.01,,,0.949476651,March<br>temp: 13.9<br>pdf(temp): 0.00,,,0.915826448,April<br>temp: 13.9<br>pdf(temp): 0.06,,,0.848692396,May<br>temp: 13.9<br>pdf(temp): 0.09,,,0.742188259,June<br>temp: 13.9<br>pdf(temp): 0.08,,,0.590788594,July<br>temp: 13.9<br>pdf(temp): 0.02,,,0.492231898,August<br>temp: 13.9<br>pdf(temp): 0.02,,,0.422448176,September<br>temp: 13.9<br>pdf(temp): 0.04,,,0.366405346,October<br>temp: 13.9<br>pdf(temp): 0.08,,,0.210523586,November<br>temp: 13.9<br>pdf(temp): 0.02,,,0.094945281,December<br>temp: 13.9<br>pdf(temp): 0.00
,,14.24242424,1.139544809,January<br>temp: 14.2<br>pdf(temp): 0.00,,,1.04876196,February<br>temp: 14.2<br>pdf(temp): 0.00,,,0.949458983,March<br>temp: 14.2<br>pdf(temp): 0.00,,,0.905661558,April<br>temp: 14.2<br>pdf(temp): 0.05,,,0.846413905,May<br>temp: 14.2<br>pdf(temp): 0.09,,,0.755833891,June<br>temp: 14.2<br>pdf(temp): 0.09,,,0.597130652,July<br>temp: 14.2<br>pdf(temp): 0.03,,,0.495269803,August<br>temp: 14.2<br>pdf(temp): 0.02,,,0.430976035,September<br>temp: 14.2<br>pdf(temp): 0.05,,,0.358164499,October<br>temp: 14.2<br>pdf(temp): 0.07,,,0.207334038,November<br>temp: 14.2<br>pdf(temp): 0.02,,,0.094945215,December<br>temp: 14.2<br>pdf(temp): 0.00
,,14.54545455,1.139438711,January<br>temp: 14.5<br>pdf(temp): 0.00,,,1.047406983,February<br>temp: 14.5<br>pdf(temp): 0.00,,,0.949453783,March<br>temp: 14.5<br>pdf(temp): 0.00,,,0.896071536,April<br>temp: 14.5<br>pdf(temp): 0.04,,,0.844958959,May<br>temp: 14.5<br>pdf(temp): 0.09,,,0.770208677,June<br>temp: 14.5<br>pdf(temp): 0.11,,,0.604199866,July<br>temp: 14.5<br>pdf(temp): 0.03,,,0.498707762,August<br>temp: 14.5<br>pdf(temp): 0.02,,,0.43999656,September<br>temp: 14.5<br>pdf(temp): 0.06,,,0.350278839,October<br>temp: 14.5<br>pdf(temp): 0.07,,,0.204490094,November<br>temp: 14.5<br>pdf(temp): 0.01,,,0.0949452,December<br>temp: 14.5<br>pdf(temp): 0.00
,,14.84848485,1.139385984,January<br>temp: 14.8<br>pdf(temp): 0.00,,,1.046406593,February<br>temp: 14.8<br>pdf(temp): 0.00,,,0.949452395,March<br>temp: 14.8<br>pdf(temp): 0.00,,,0.887376035,April<br>temp: 14.8<br>pdf(temp): 0.03,,,0.84429952,May<br>temp: 14.8<br>pdf(temp): 0.08,,,0.784443659,June<br>temp: 14.8<br>pdf(temp): 0.12,,,0.611730523,July<br>temp: 14.8<br>pdf(temp): 0.04,,,0.502622464,August<br>temp: 14.8<br>pdf(temp): 0.03,,,0.449263246,September<br>temp: 14.8<br>pdf(temp): 0.07,,,0.341749238,October<br>temp: 14.8<br>pdf(temp): 0.06,,,0.20196748,November<br>temp: 14.8<br>pdf(temp): 0.01,,,0.094945197,December<br>temp: 14.8<br>pdf(temp): 0.00
,,15.15151515,1.139361145,January<br>temp: 15.2<br>pdf(temp): 0.00,,,1.045694377,February<br>temp: 15.2<br>pdf(temp): 0.00,,,0.949452058,March<br>temp: 15.2<br>pdf(temp): 0.00,,,0.879777807,April<br>temp: 15.2<br>pdf(temp): 0.03,,,0.844288497,May<br>temp: 15.2<br>pdf(temp): 0.08,,,0.797592136,June<br>temp: 15.2<br>pdf(temp): 0.13,,,0.619408992,July<br>temp: 15.2<br>pdf(temp): 0.05,,,0.50709631,August<br>temp: 15.2<br>pdf(temp): 0.03,,,0.458493167,September<br>temp: 15.2<br>pdf(temp): 0.08,,,0.332326237,October<br>temp: 15.2<br>pdf(temp): 0.05,,,0.199745472,November<br>temp: 15.2<br>pdf(temp): 0.01,,,0.094945197,December<br>temp: 15.2<br>pdf(temp): 0.00
,,15.45454545,1.139350053,January<br>temp: 15.5<br>pdf(temp): 0.00,,,1.045206055,February<br>temp: 15.5<br>pdf(temp): 0.00,,,0.949451984,March<br>temp: 15.5<br>pdf(temp): 0.00,,,0.873371641,April<br>temp: 15.5<br>pdf(temp): 0.02,,,0.844698727,May<br>temp: 15.5<br>pdf(temp): 0.09,,,0.808773297,June<br>temp: 15.5<br>pdf(temp): 0.14,,,0.626925366,July<br>temp: 15.5<br>pdf(temp): 0.06,,,0.512206497,August<br>temp: 15.5<br>pdf(temp): 0.04,,,0.467385021,September<br>temp: 15.5<br>pdf(temp): 0.09,,,0.322429148,October<br>temp: 15.5<br>pdf(temp): 0.04,,,0.197807227,November<br>temp: 15.5<br>pdf(temp): 0.01,,,0.094945197,December<br>temp: 15.5<br>pdf(temp): 0.00
,,15.75757576,1.139345355,January<br>temp: 15.8<br>pdf(temp): 0.00,,,1.044883926,February<br>temp: 15.8<br>pdf(temp): 0.00,,,0.949451969,March<br>temp: 15.8<br>pdf(temp): 0.00,,,0.868159869,April<br>temp: 15.8<br>pdf(temp): 0.01,,,0.845265459,May<br>temp: 15.8<br>pdf(temp): 0.09,,,0.817301819,June<br>temp: 15.8<br>pdf(temp): 0.15,,,0.63402681,July<br>temp: 15.8<br>pdf(temp): 0.06,,,0.518011547,August<br>temp: 15.8<br>pdf(temp): 0.04,,,0.475641576,September<br>temp: 15.8<br>pdf(temp): 0.10,,,0.312838898,October<br>temp: 15.8<br>pdf(temp): 0.03,,,0.196138465,November<br>temp: 15.8<br>pdf(temp): 0.01,,,0.094945197,December<br>temp: 15.8<br>pdf(temp): 0.00
,,16.06060606,1.139343468,January<br>temp: 16.1<br>pdf(temp): 0.00,,,1.044679627,February<br>temp: 16.1<br>pdf(temp): 0.00,,,0.949451966,March<br>temp: 16.1<br>pdf(temp): 0.00,,,0.864071307,April<br>temp: 16.1<br>pdf(temp): 0.01,,,0.845722567,May<br>temp: 16.1<br>pdf(temp): 0.09,,,0.8227717,June<br>temp: 16.1<br>pdf(temp): 0.16,,,0.64055846,July<br>temp: 16.1<br>pdf(temp): 0.07,,,0.524536933,August<br>temp: 16.1<br>pdf(temp): 0.05,,,0.482994933,September<br>temp: 16.1<br>pdf(temp): 0.10,,,0.304346414,October<br>temp: 16.1<br>pdf(temp): 0.02,,,0.19472531,November<br>temp: 16.1<br>pdf(temp): 0.00,,,0.094945197,December<br>temp: 16.1<br>pdf(temp): 0.00
,,16.36363636,1.139342749,January<br>temp: 16.4<br>pdf(temp): 0.00,,,1.044555125,February<br>temp: 16.4<br>pdf(temp): 0.00,,,0.949451966,March<br>temp: 16.4<br>pdf(temp): 0.00,,,0.860982056,April<br>temp: 16.4<br>pdf(temp): 0.01,,,0.845826889,May<br>temp: 16.4<br>pdf(temp): 0.09,,,0.825075718,June<br>temp: 16.4<br>pdf(temp): 0.16,,,0.646481377,July<br>temp: 16.4<br>pdf(temp): 0.08,,,0.531761911,August<br>temp: 16.4<br>pdf(temp): 0.06,,,0.48923206,September<br>temp: 16.4<br>pdf(temp): 0.11,,,0.297490192,October<br>temp: 16.4<br>pdf(temp): 0.01,,,0.193552161,November<br>temp: 16.4<br>pdf(temp): 0.00,,,0.094945197,December<br>temp: 16.4<br>pdf(temp): 0.00
,,16.66666667,1.13934249,January<br>temp: 16.7<br>pdf(temp): 0.00,,,1.04448225,February<br>temp: 16.7<br>pdf(temp): 0.00,,,0.949451966,March<br>temp: 16.7<br>pdf(temp): 0.00,,,0.858736893,April<br>temp: 16.7<br>pdf(temp): 0.00,,,0.845370364,May<br>temp: 16.7<br>pdf(temp): 0.09,,,0.824362007,June<br>temp: 16.7<br>pdf(temp): 0.16,,,0.651864467,July<br>temp: 16.7<br>pdf(temp): 0.08,,,0.539609793,August<br>temp: 16.7<br>pdf(temp): 0.06,,,0.494217112,September<br>temp: 16.7<br>pdf(temp): 0.11,,,0.292446484,October<br>temp: 16.7<br>pdf(temp): 0.01,,,0.192600227,November<br>temp: 16.7<br>pdf(temp): 0.00,,,0.094945197,December<br>temp: 16.7<br>pdf(temp): 0.00
,,16.96969697,1.139342401,January<br>temp: 17.0<br>pdf(temp): 0.00,,,1.044441289,February<br>temp: 17.0<br>pdf(temp): 0.00,,,0.949451966,March<br>temp: 17.0<br>pdf(temp): 0.00,,,0.857169545,April<br>temp: 17.0<br>pdf(temp): 0.00,,,0.844184114,May<br>temp: 17.0<br>pdf(temp): 0.08,,,0.82094894,June<br>temp: 17.0<br>pdf(temp): 0.16,,,0.656855216,July<br>temp: 17.0<br>pdf(temp): 0.09,,,0.547943493,August<br>temp: 17.0<br>pdf(temp): 0.07,,,0.497906294,September<br>temp: 17.0<br>pdf(temp): 0.12,,,0.289066464,October<br>temp: 17.0<br>pdf(temp): 0.00,,,0.191847092,November<br>temp: 17.0<br>pdf(temp): 0.00,,,0.094945197,December<br>temp: 17.0<br>pdf(temp): 0.00
,,17.27272727,1.139342372,January<br>temp: 17.3<br>pdf(temp): 0.00,,,1.044419187,February<br>temp: 17.3<br>pdf(temp): 0.00,,,0.949451966,March<br>temp: 17.3<br>pdf(temp): 0.00,,,0.856119848,April<br>temp: 17.3<br>pdf(temp): 0.00,,,0.84214049,May<br>temp: 17.3<br>pdf(temp): 0.08,,,0.815230799,June<br>temp: 17.3<br>pdf(temp): 0.15,,,0.661638766,July<br>temp: 17.3<br>pdf(temp): 0.09,,,0.556567428,August<br>temp: 17.3<br>pdf(temp): 0.08,,,0.500350899,September<br>temp: 17.3<br>pdf(temp): 0.12,,,0.287003636,October<br>temp: 17.3<br>pdf(temp): 0.00,,,0.191267288,November<br>temp: 17.3<br>pdf(temp): 0.00,,,0.094945197,December<br>temp: 17.3<br>pdf(temp): 0.00
,,17.57575758,1.139342363,January<br>temp: 17.6<br>pdf(temp): 0.00,,,1.044407739,February<br>temp: 17.6<br>pdf(temp): 0.00,,,0.949451966,March<br>temp: 17.6<br>pdf(temp): 0.00,,,0.855446141,April<br>temp: 17.6<br>pdf(temp): 0.00,,,0.839157902,May<br>temp: 17.6<br>pdf(temp): 0.08,,,0.807604886,June<br>temp: 17.6<br>pdf(temp): 0.14,,,0.666394788,July<br>temp: 17.6<br>pdf(temp): 0.10,,,0.56523572,August<br>temp: 17.6<br>pdf(temp): 0.09,,,0.501685216,September<br>temp: 17.6<br>pdf(temp): 0.12,,,0.285857477,October<br>temp: 17.6<br>pdf(temp): 0.00,,,0.190833631,November<br>temp: 17.6<br>pdf(temp): 0.00,,,0.094945197,December<br>temp: 17.6<br>pdf(temp): 0.00
,,17.87878788,1.13934236,January<br>temp: 17.9<br>pdf(temp): 0.00,,,1.044402048,February<br>temp: 17.9<br>pdf(temp): 0.00,,,0.949451966,March<br>temp: 17.9<br>pdf(temp): 0.00,,,0.855032143,April<br>temp: 17.9<br>pdf(temp): 0.00,,,0.835209722,May<br>temp: 17.9<br>pdf(temp): 0.08,,,0.798437023,June<br>temp: 17.9<br>pdf(temp): 0.13,,,0.671258053,July<br>temp: 17.9<br>pdf(temp): 0.10,,,0.5736657,August<br>temp: 17.9<br>pdf(temp): 0.10,,,0.502098533,September<br>temp: 17.9<br>pdf(temp): 0.12,,,0.285277847,October<br>temp: 17.9<br>pdf(temp): 0.00,,,0.190518895,November<br>temp: 17.9<br>pdf(temp): 0.00,,,0.094945197,December<br>temp: 17.9<br>pdf(temp): 0.00
,,18.18181818,1.139342359,January<br>temp: 18.2<br>pdf(temp): 0.00,,,1.044399333,February<br>temp: 18.2<br>pdf(temp): 0.00,,,0.949451966,March<br>temp: 18.2<br>pdf(temp): 0.00,,,0.854788737,April<br>temp: 18.2<br>pdf(temp): 0.00,,,0.830334546,May<br>temp: 18.2<br>pdf(temp): 0.07,,,0.788063719,June<br>temp: 18.2<br>pdf(temp): 0.12,,,0.676285019,July<br>temp: 18.2<br>pdf(temp): 0.11,,,0.581555052,August<br>temp: 18.2<br>pdf(temp): 0.11,,,0.501794307,September<br>temp: 18.2<br>pdf(temp): 0.12,,,0.285011093,October<br>temp: 18.2<br>pdf(temp): 0.00,,,0.190297438,November<br>temp: 18.2<br>pdf(temp): 0.00,,,0.094945197,December<br>temp: 18.2<br>pdf(temp): 0.00
,,18.48484848,1.139342359,January<br>temp: 18.5<br>pdf(temp): 0.00,,,1.044398089,February<br>temp: 18.5<br>pdf(temp): 0.00,,,0.949451966,March<br>temp: 18.5<br>pdf(temp): 0.00,,,0.854651893,April<br>temp: 18.5<br>pdf(temp): 0.00,,,0.824642519,May<br>temp: 18.5<br>pdf(temp): 0.07,,,0.776814452,June<br>temp: 18.5<br>pdf(temp): 0.11,,,0.681428163,July<br>temp: 18.5<br>pdf(temp): 0.11,,,0.588600812,August<br>temp: 18.5<br>pdf(temp): 0.11,,,0.500943903,September<br>temp: 18.5<br>pdf(temp): 0.12,,,0.284899382,October<br>temp: 18.5<br>pdf(temp): 0.00,,,0.19014647,November<br>temp: 18.5<br>pdf(temp): 0.00,,,0.094945197,December<br>temp: 18.5<br>pdf(temp): 0.00
,,18.78787879,1.139342359,January<br>temp: 18.8<br>pdf(temp): 0.00,,,1.044397543,February<br>temp: 18.8<br>pdf(temp): 0.00,,,0.949451966,March<br>temp: 18.8<br>pdf(temp): 0.00,,,0.854578357,April<br>temp: 18.8<br>pdf(temp): 0.00,,,0.818312532,May<br>temp: 18.8<br>pdf(temp): 0.06,,,0.765032927,June<br>temp: 18.8<br>pdf(temp): 0.10,,,0.686522267,July<br>temp: 18.8<br>pdf(temp): 0.12,,,0.594518708,August<br>temp: 18.8<br>pdf(temp): 0.12,,,0.499645611,September<br>temp: 18.8<br>pdf(temp): 0.12,,,0.284856811,October<br>temp: 18.8<br>pdf(temp): 0.00,,,0.190046808,November<br>temp: 18.8<br>pdf(temp): 0.00,,,0.094945197,December<br>temp: 18.8<br>pdf(temp): 0.00
,,19.09090909,1.139342359,January<br>temp: 19.1<br>pdf(temp): 0.00,,,1.044397313,February<br>temp: 19.1<br>pdf(temp): 0.00,,,0.949451966,March<br>temp: 19.1<br>pdf(temp): 0.00,,,0.854540599,April<br>temp: 19.1<br>pdf(temp): 0.00,,,0.811577727,May<br>temp: 19.1<br>pdf(temp): 0.05,,,0.753082234,June<br>temp: 19.1<br>pdf(temp): 0.09,,,0.691289524,July<br>temp: 19.1<br>pdf(temp): 0.12,,,0.599061674,August<br>temp: 19.1<br>pdf(temp): 0.12,,,0.497900355,September<br>temp: 19.1<br>pdf(temp): 0.12,,,0.284842047,October<br>temp: 19.1<br>pdf(temp): 0.00,,,0.189983117,November<br>temp: 19.1<br>pdf(temp): 0.00,,,0.094945197,December<br>temp: 19.1<br>pdf(temp): 0.00
,,19.39393939,1.139342359,January<br>temp: 19.4<br>pdf(temp): 0.00,,,1.044397219,February<br>temp: 19.4<br>pdf(temp): 0.00,,,0.949451966,March<br>temp: 19.4<br>pdf(temp): 0.00,,,0.854522079,April<br>temp: 19.4<br>pdf(temp): 0.00,,,0.80470074,May<br>temp: 19.4<br>pdf(temp): 0.05,,,0.741330616,June<br>temp: 19.4<br>pdf(temp): 0.08,,,0.695369133,July<br>temp: 19.4<br>pdf(temp): 0.13,,,0.602036582,August<br>temp: 19.4<br>pdf(temp): 0.13,,,0.495612627,September<br>temp: 19.4<br>pdf(temp): 0.12,,,0.284837386,October<br>temp: 19.4<br>pdf(temp): 0.00,,,0.189943723,November<br>temp: 19.4<br>pdf(temp): 0.00,,,0.094945197,December<br>temp: 19.4<br>pdf(temp): 0.00
,,19.6969697,1.139342359,January<br>temp: 19.7<br>pdf(temp): 0.00,,,1.044397183,February<br>temp: 19.7<br>pdf(temp): 0.00,,,0.949451966,March<br>temp: 19.7<br>pdf(temp): 0.00,,,0.854513402,April<br>temp: 19.7<br>pdf(temp): 0.00,,,0.797943638,May<br>temp: 19.7<br>pdf(temp): 0.04,,,0.730125032,June<br>temp: 19.7<br>pdf(temp): 0.07,,,0.698370359,July<br>temp: 19.7<br>pdf(temp): 0.13,,,0.603318083,August<br>temp: 19.7<br>pdf(temp): 0.13,,,0.492619026,September<br>temp: 19.7<br>pdf(temp): 0.11,,,0.284836046,October<br>temp: 19.7<br>pdf(temp): 0.00,,,0.189920144,November<br>temp: 19.7<br>pdf(temp): 0.00,,,0.094945197,December<br>temp: 19.7<br>pdf(temp): 0.00
,,20,1.139342359,January<br>temp: 20.0<br>pdf(temp): 0.00,,,1.04439717,February<br>temp: 20.0<br>pdf(temp): 0.00,,,0.949451966,March<br>temp: 20.0<br>pdf(temp): 0.00,,,0.854509519,April<br>temp: 20.0<br>pdf(temp): 0.00,,,0.791539156,May<br>temp: 20.0<br>pdf(temp): 0.03,,,0.719763899,June<br>temp: 20.0<br>pdf(temp): 0.06,,,0.699938357,July<br>temp: 20.0<br>pdf(temp): 0.13,,,0.602858234,August<br>temp: 20.0<br>pdf(temp): 0.13,,,0.488738933,September<br>temp: 20.0<br>pdf(temp): 0.11,,,0.284835696,October<br>temp: 20.0<br>pdf(temp): 0.00,,,0.189906488,November<br>temp: 20.0<br>pdf(temp): 0.00,,,0.094945197,December<br>temp: 20.0<br>pdf(temp): 0.00
,,20.3030303,1.139342359,January<br>temp: 20.3<br>pdf(temp): 0.00,,,1.044397165,February<br>temp: 20.3<br>pdf(temp): 0.00,,,0.949451966,March<br>temp: 20.3<br>pdf(temp): 0.00,,,0.85450786,April<br>temp: 20.3<br>pdf(temp): 0.00,,,0.785669171,May<br>temp: 20.3<br>pdf(temp): 0.03,,,0.710477663,June<br>temp: 20.3<br>pdf(temp): 0.05,,,0.699814869,July<br>temp: 20.3<br>pdf(temp): 0.13,,,0.600690475,August<br>temp: 20.3<br>pdf(temp): 0.13,,,0.483834905,September<br>temp: 20.3<br>pdf(temp): 0.10,,,0.284835612,October<br>temp: 20.3<br>pdf(temp): 0.00,,,0.189898835,November<br>temp: 20.3<br>pdf(temp): 0.00,,,0.094945197,December<br>temp: 20.3<br>pdf(temp): 0.00
,,20.60606061,1.139342359,January<br>temp: 20.6<br>pdf(temp): 0.00,,,1.044397163,February<br>temp: 20.6<br>pdf(temp): 0.00,,,0.949451966,March<br>temp: 20.6<br>pdf(temp): 0.00,,,0.854507183,April<br>temp: 20.6<br>pdf(temp): 0.00,,,0.780453772,May<br>temp: 20.6<br>pdf(temp): 0.02,,,0.70241972,June<br>temp: 20.6<br>pdf(temp): 0.04,,,0.697876252,July<br>temp: 20.6<br>pdf(temp): 0.13,,,0.596926992,August<br>temp: 20.6<br>pdf(temp): 0.12,,,0.477866765,September<br>temp: 20.6<br>pdf(temp): 0.10,,,0.284835594,October<br>temp: 20.6<br>pdf(temp): 0.00,,,0.189894686,November<br>temp: 20.6<br>pdf(temp): 0.00,,,0.094945197,December<br>temp: 20.6<br>pdf(temp): 0.00
,,20.90909091,1.139342359,January<br>temp: 20.9<br>pdf(temp): 0.00,,,1.044397163,February<br>temp: 20.9<br>pdf(temp): 0.00,,,0.949451966,March<br>temp: 20.9<br>pdf(temp): 0.00,,,0.85450692,April<br>temp: 20.9<br>pdf(temp): 0.00,,,0.775951136,May<br>temp: 20.9<br>pdf(temp): 0.02,,,0.695664981,June<br>temp: 20.9<br>pdf(temp): 0.03,,,0.694139993,July<br>temp: 20.9<br>pdf(temp): 0.12,,,0.591749432,August<br>temp: 20.9<br>pdf(temp): 0.12,,,0.470924544,September<br>temp: 20.9<br>pdf(temp): 0.09,,,0.284835591,October<br>temp: 20.9<br>pdf(temp): 0.00,,,0.189892509,November<br>temp: 20.9<br>pdf(temp): 0.00,,,0.094945197,December<br>temp: 20.9<br>pdf(temp): 0.00
,,21.21212121,1.139342359,January<br>temp: 21.2<br>pdf(temp): 0.00,,,1.044397162,February<br>temp: 21.2<br>pdf(temp): 0.00,,,0.949451966,March<br>temp: 21.2<br>pdf(temp): 0.00,,,0.854506821,April<br>temp: 21.2<br>pdf(temp): 0.00,,,0.772165775,May<br>temp: 21.2<br>pdf(temp): 0.01,,,0.690212093,June<br>temp: 21.2<br>pdf(temp): 0.03,,,0.688743677,July<br>temp: 21.2<br>pdf(temp): 0.12,,,0.585394193,August<br>temp: 21.2<br>pdf(temp): 0.11,,,0.463231008,September<br>temp: 21.2<br>pdf(temp): 0.08,,,0.28483559,October<br>temp: 21.2<br>pdf(temp): 0.00,,,0.189891404,November<br>temp: 21.2<br>pdf(temp): 0.00,,,0.094945197,December<br>temp: 21.2<br>pdf(temp): 0.00
,,21.51515152,1.139342359,January<br>temp: 21.5<br>pdf(temp): 0.00,,,1.044397162,February<br>temp: 21.5<br>pdf(temp): 0.00,,,0.949451966,March<br>temp: 21.5<br>pdf(temp): 0.00,,,0.854506787,April<br>temp: 21.5<br>pdf(temp): 0.00,,,0.769061449,May<br>temp: 21.5<br>pdf(temp): 0.01,,,0.685987608,June<br>temp: 21.5<br>pdf(temp): 0.02,,,0.681910448,July<br>temp: 21.5<br>pdf(temp): 0.11,,,0.578134544,August<br>temp: 21.5<br>pdf(temp): 0.10,,,0.455112858,September<br>temp: 21.5<br>pdf(temp): 0.08,,,0.28483559,October<br>temp: 21.5<br>pdf(temp): 0.00,,,0.189890861,November<br>temp: 21.5<br>pdf(temp): 0.00,,,0.094945197,December<br>temp: 21.5<br>pdf(temp): 0.00
,,21.81818182,1.139342359,January<br>temp: 21.8<br>pdf(temp): 0.00,,,1.044397162,February<br>temp: 21.8<br>pdf(temp): 0.00,,,0.949451966,March<br>temp: 21.8<br>pdf(temp): 0.00,,,0.854506775,April<br>temp: 21.8<br>pdf(temp): 0.00,,,0.766575082,May<br>temp: 21.8<br>pdf(temp): 0.01,,,0.682853782,June<br>temp: 21.8<br>pdf(temp): 0.02,,,0.673917117,July<br>temp: 21.8<br>pdf(temp): 0.10,,,0.57026223,August<br>temp: 21.8<br>pdf(temp): 0.10,,,0.446948037,September<br>temp: 21.8<br>pdf(temp): 0.07,,,0.28483559,October<br>temp: 21.8<br>pdf(temp): 0.00,,,0.189890603,November<br>temp: 21.8<br>pdf(temp): 0.00,,,0.094945197,December<br>temp: 21.8<br>pdf(temp): 0.00
,,22.12121212,1.139342359,January<br>temp: 22.1<br>pdf(temp): 0.00,,,1.044397162,February<br>temp: 22.1<br>pdf(temp): 0.00,,,0.949451966,March<br>temp: 22.1<br>pdf(temp): 0.00,,,0.854506771,April<br>temp: 22.1<br>pdf(temp): 0.00,,,0.764629124,May<br>temp: 22.1<br>pdf(temp): 0.01,,,0.680623279,June<br>temp: 22.1<br>pdf(temp): 0.02,,,0.665074803,July<br>temp: 22.1<br>pdf(temp): 0.10,,,0.562070802,August<br>temp: 22.1<br>pdf(temp): 0.09,,,0.43910256,September<br>temp: 22.1<br>pdf(temp): 0.06,,,0.28483559,October<br>temp: 22.1<br>pdf(temp): 0.00,,,0.189890484,November<br>temp: 22.1<br>pdf(temp): 0.00,,,0.094945197,December<br>temp: 22.1<br>pdf(temp): 0.00
,,22.42424242,1.139342359,January<br>temp: 22.4<br>pdf(temp): 0.00,,,1.044397162,February<br>temp: 22.4<br>pdf(temp): 0.00,,,0.949451966,March<br>temp: 22.4<br>pdf(temp): 0.00,,,0.85450677,April<br>temp: 22.4<br>pdf(temp): 0.00,,,0.763141096,May<br>temp: 22.4<br>pdf(temp): 0.00,,,0.679082484,June<br>temp: 22.4<br>pdf(temp): 0.01,,,0.655721681,July<br>temp: 22.4<br>pdf(temp): 0.09,,,0.553841899,August<br>temp: 22.4<br>pdf(temp): 0.08,,,0.431872268,September<br>temp: 22.4<br>pdf(temp): 0.05,,,0.28483559,October<br>temp: 22.4<br>pdf(temp): 0.00,,,0.189890432,November<br>temp: 22.4<br>pdf(temp): 0.00,,,0.094945197,December<br>temp: 22.4<br>pdf(temp): 0.00
,,22.72727273,1.139342359,January<br>temp: 22.7<br>pdf(temp): 0.00,,,1.044397162,February<br>temp: 22.7<br>pdf(temp): 0.00,,,0.949451966,March<br>temp: 22.7<br>pdf(temp): 0.00,,,0.854506769,April<br>temp: 22.7<br>pdf(temp): 0.00,,,0.762030196,May<br>temp: 22.7<br>pdf(temp): 0.00,,,0.678021132,June<br>temp: 22.7<br>pdf(temp): 0.01,,,0.646219162,July<br>temp: 22.7<br>pdf(temp): 0.08,,,0.545834525,August<br>temp: 22.7<br>pdf(temp): 0.07,,,0.425442774,September<br>temp: 22.7<br>pdf(temp): 0.05,,,0.28483559,October<br>temp: 22.7<br>pdf(temp): 0.00,,,0.189890409,November<br>temp: 22.7<br>pdf(temp): 0.00,,,0.094945197,December<br>temp: 22.7<br>pdf(temp): 0.00
,,23.03030303,1.139342359,January<br>temp: 23.0<br>pdf(temp): 0.00,,,1.044397162,February<br>temp: 23.0<br>pdf(temp): 0.00,,,0.949451966,March<br>temp: 23.0<br>pdf(temp): 0.00,,,0.854506769,April<br>temp: 23.0<br>pdf(temp): 0.00,,,0.761221469,May<br>temp: 23.0<br>pdf(temp): 0.00,,,0.677261828,June<br>temp: 23.0<br>pdf(temp): 0.01,,,0.63694087,July<br>temp: 23.0<br>pdf(temp): 0.07,,,0.538276523,August<br>temp: 23.0<br>pdf(temp): 0.06,,,0.419875443,September<br>temp: 23.0<br>pdf(temp): 0.04,,,0.28483559,October<br>temp: 23.0<br>pdf(temp): 0.00,,,0.189890399,November<br>temp: 23.0<br>pdf(temp): 0.00,,,0.094945197,December<br>temp: 23.0<br>pdf(temp): 0.00
,,23.33333333,1.139342359,January<br>temp: 23.3<br>pdf(temp): 0.00,,,1.044397162,February<br>temp: 23.3<br>pdf(temp): 0.00,,,0.949451966,March<br>temp: 23.3<br>pdf(temp): 0.00,,,0.854506769,April<br>temp: 23.3<br>pdf(temp): 0.00,,,0.760648223,May<br>temp: 23.3<br>pdf(temp): 0.00,,,0.676681162,June<br>temp: 23.3<br>pdf(temp): 0.01,,,0.628248252,July<br>temp: 23.3<br>pdf(temp): 0.06,,,0.531357287,August<br>temp: 23.3<br>pdf(temp): 0.06,,,0.415120296,September<br>temp: 23.3<br>pdf(temp): 0.04,,,0.28483559,October<br>temp: 23.3<br>pdf(temp): 0.00,,,0.189890396,November<br>temp: 23.3<br>pdf(temp): 0.00,,,0.094945197,December<br>temp: 23.3<br>pdf(temp): 0.00
,,23.63636364,1.139342359,January<br>temp: 23.6<br>pdf(temp): 0.00,,,1.044397162,February<br>temp: 23.6<br>pdf(temp): 0.00,,,0.949451966,March<br>temp: 23.6<br>pdf(temp): 0.00,,,0.854506769,April<br>temp: 23.6<br>pdf(temp): 0.00,,,0.760253227,May<br>temp: 23.6<br>pdf(temp): 0.00,,,0.67621578,June<br>temp: 23.6<br>pdf(temp): 0.01,,,0.620454288,July<br>temp: 23.6<br>pdf(temp): 0.05,,,0.52522117,August<br>temp: 23.6<br>pdf(temp): 0.05,,,0.41105017,September<br>temp: 23.6<br>pdf(temp): 0.03,,,0.28483559,October<br>temp: 23.6<br>pdf(temp): 0.00,,,0.189890394,November<br>temp: 23.6<br>pdf(temp): 0.00,,,0.094945197,December<br>temp: 23.6<br>pdf(temp): 0.00
,,23.93939394,1.139342359,January<br>temp: 23.9<br>pdf(temp): 0.00,,,1.044397162,February<br>temp: 23.9<br>pdf(temp): 0.00,,,0.949451966,March<br>temp: 23.9<br>pdf(temp): 0.00,,,0.854506769,April<br>temp: 23.9<br>pdf(temp): 0.00,,,0.759989065,May<br>temp: 23.9<br>pdf(temp): 0.00,,,0.675851451,June<br>temp: 23.9<br>pdf(temp): 0.01,,,0.61378348,July<br>temp: 23.9<br>pdf(temp): 0.04,,,0.519961849,August<br>temp: 23.9<br>pdf(temp): 0.05,,,0.407505841,September<br>temp: 23.9<br>pdf(temp): 0.03,,,0.28483559,October<br>temp: 23.9<br>pdf(temp): 0.00,,,0.189890393,November<br>temp: 23.9<br>pdf(temp): 0.00,,,0.094945197,December<br>temp: 23.9<br>pdf(temp): 0.00
,,24.24242424,1.139342359,January<br>temp: 24.2<br>pdf(temp): 0.00,,,1.044397162,February<br>temp: 24.2<br>pdf(temp): 0.00,,,0.949451966,March<br>temp: 24.2<br>pdf(temp): 0.00,,,0.854506769,April<br>temp: 24.2<br>pdf(temp): 0.00,,,0.759817853,May<br>temp: 24.2<br>pdf(temp): 0.00,,,0.67559905,June<br>temp: 24.2<br>pdf(temp): 0.01,,,0.608339181,July<br>temp: 24.2<br>pdf(temp): 0.04,,,0.515618619,August<br>temp: 24.2<br>pdf(temp): 0.04,,,0.404340248,September<br>temp: 24.2<br>pdf(temp): 0.02,,,0.28483559,October<br>temp: 24.2<br>pdf(temp): 0.00,,,0.189890393,November<br>temp: 24.2<br>pdf(temp): 0.00,,,0.094945197,December<br>temp: 24.2<br>pdf(temp): 0.00
,,24.54545455,1.139342359,January<br>temp: 24.5<br>pdf(temp): 0.00,,,1.044397162,February<br>temp: 24.5<br>pdf(temp): 0.00,,,0.949451966,March<br>temp: 24.5<br>pdf(temp): 0.00,,,0.854506769,April<br>temp: 24.5<br>pdf(temp): 0.00,,,0.759710446,May<br>temp: 24.5<br>pdf(temp): 0.00,,,0.67546599,June<br>temp: 24.5<br>pdf(temp): 0.01,,,0.604088118,July<br>temp: 24.5<br>pdf(temp): 0.03,,,0.512175846,August<br>temp: 24.5<br>pdf(temp): 0.04,,,0.401451396,September<br>temp: 24.5<br>pdf(temp): 0.02,,,0.28483559,October<br>temp: 24.5<br>pdf(temp): 0.00,,,0.189890393,November<br>temp: 24.5<br>pdf(temp): 0.00,,,0.094945197,December<br>temp: 24.5<br>pdf(temp): 0.00
,,24.84848485,1.139342359,January<br>temp: 24.8<br>pdf(temp): 0.00,,,1.044397162,February<br>temp: 24.8<br>pdf(temp): 0.00,,,0.949451966,March<br>temp: 24.8<br>pdf(temp): 0.00,,,0.854506769,April<br>temp: 24.8<br>pdf(temp): 0.00,,,0.759645299,May<br>temp: 24.8<br>pdf(temp): 0.00,,,0.67543311,June<br>temp: 24.8<br>pdf(temp): 0.01,,,0.600867759,July<br>temp: 24.8<br>pdf(temp): 0.03,,,0.509566533,August<br>temp: 24.8<br>pdf(temp): 0.03,,,0.398797545,September<br>temp: 24.8<br>pdf(temp): 0.02,,,0.28483559,October<br>temp: 24.8<br>pdf(temp): 0.00,,,0.189890393,November<br>temp: 24.8<br>pdf(temp): 0.00,,,0.094945197,December<br>temp: 24.8<br>pdf(temp): 0.00
,,25.15151515,1.139342359,January<br>temp: 25.2<br>pdf(temp): 0.00,,,1.044397162,February<br>temp: 25.2<br>pdf(temp): 0.00,,,0.949451966,March<br>temp: 25.2<br>pdf(temp): 0.00,,,0.854506769,April<br>temp: 25.2<br>pdf(temp): 0.00,,,0.759607129,May<br>temp: 25.2<br>pdf(temp): 0.00,,,0.67544488,June<br>temp: 25.2<br>pdf(temp): 0.01,,,0.598416754,July<br>temp: 25.2<br>pdf(temp): 0.03,,,0.507680162,August<br>temp: 25.2<br>pdf(temp): 0.03,,,0.396393383,September<br>temp: 25.2<br>pdf(temp): 0.02,,,0.28483559,October<br>temp: 25.2<br>pdf(temp): 0.00,,,0.189890393,November<br>temp: 25.2<br>pdf(temp): 0.00,,,0.094945197,December<br>temp: 25.2<br>pdf(temp): 0.00
,,25.45454545,1.139342359,January<br>temp: 25.5<br>pdf(temp): 0.00,,,1.044397162,February<br>temp: 25.5<br>pdf(temp): 0.00,,,0.949451966,March<br>temp: 25.5<br>pdf(temp): 0.00,,,0.854506769,April<br>temp: 25.5<br>pdf(temp): 0.00,,,0.759585539,May<br>temp: 25.5<br>pdf(temp): 0.00,,,0.675415767,June<br>temp: 25.5<br>pdf(temp): 0.01,,,0.596423289,July<br>temp: 25.5<br>pdf(temp): 0.03,,,0.506374087,August<br>temp: 25.5<br>pdf(temp): 0.03,,,0.39429082,September<br>temp: 25.5<br>pdf(temp): 0.01,,,0.28483559,October<br>temp: 25.5<br>pdf(temp): 0.00,,,0.189890393,November<br>temp: 25.5<br>pdf(temp): 0.00,,,0.094945197,December<br>temp: 25.5<br>pdf(temp): 0.00
,,25.75757576,1.139342359,January<br>temp: 25.8<br>pdf(temp): 0.00,,,1.044397162,February<br>temp: 25.8<br>pdf(temp): 0.00,,,0.949451966,March<br>temp: 25.8<br>pdf(temp): 0.00,,,0.854506769,April<br>temp: 25.8<br>pdf(temp): 0.00,,,0.759573758,May<br>temp: 25.8<br>pdf(temp): 0.00,,,0.675249804,June<br>temp: 25.8<br>pdf(temp): 0.01,,,0.594581827,July<br>temp: 25.8<br>pdf(temp): 0.02,,,0.505486948,August<br>temp: 25.8<br>pdf(temp): 0.03,,,0.392551389,September<br>temp: 25.8<br>pdf(temp): 0.01,,,0.28483559,October<br>temp: 25.8<br>pdf(temp): 0.00,,,0.189890393,November<br>temp: 25.8<br>pdf(temp): 0.00,,,0.094945197,December<br>temp: 25.8<br>pdf(temp): 0.00
,,26.06060606,1.139342359,January<br>temp: 26.1<br>pdf(temp): 0.00,,,1.044397162,February<br>temp: 26.1<br>pdf(temp): 0.00,,,0.949451966,March<br>temp: 26.1<br>pdf(temp): 0.00,,,0.854506769,April<br>temp: 26.1<br>pdf(temp): 0.00,,,0.759567557,May<br>temp: 26.1<br>pdf(temp): 0.00,,,0.674865934,June<br>temp: 26.1<br>pdf(temp): 0.01,,,0.592646238,July<br>temp: 26.1<br>pdf(temp): 0.02,,,0.504852345,August<br>temp: 26.1<br>pdf(temp): 0.03,,,0.391218432,September<br>temp: 26.1<br>pdf(temp): 0.01,,,0.28483559,October<br>temp: 26.1<br>pdf(temp): 0.00,,,0.189890393,November<br>temp: 26.1<br>pdf(temp): 0.00,,,0.094945197,December<br>temp: 26.1<br>pdf(temp): 0.00
,,26.36363636,1.139342359,January<br>temp: 26.4<br>pdf(temp): 0.00,,,1.044397162,February<br>temp: 26.4<br>pdf(temp): 0.00,,,0.949451966,March<br>temp: 26.4<br>pdf(temp): 0.00,,,0.854506769,April<br>temp: 26.4<br>pdf(temp): 0.00,,,0.759564411,May<br>temp: 26.4<br>pdf(temp): 0.00,,,0.674220185,June<br>temp: 26.4<br>pdf(temp): 0.01,,,0.590467663,July<br>temp: 26.4<br>pdf(temp): 0.02,,,0.504311177,August<br>temp: 26.4<br>pdf(temp): 0.03,,,0.390296292,September<br>temp: 26.4<br>pdf(temp): 0.01,,,0.28483559,October<br>temp: 26.4<br>pdf(temp): 0.00,,,0.189890393,November<br>temp: 26.4<br>pdf(temp): 0.00,,,0.094945197,December<br>temp: 26.4<br>pdf(temp): 0.00
,,26.66666667,1.139342359,January<br>temp: 26.7<br>pdf(temp): 0.00,,,1.044397162,February<br>temp: 26.7<br>pdf(temp): 0.00,,,0.949451966,March<br>temp: 26.7<br>pdf(temp): 0.00,,,0.854506769,April<br>temp: 26.7<br>pdf(temp): 0.00,,,0.759562872,May<br>temp: 26.7<br>pdf(temp): 0.00,,,0.673317449,June<br>temp: 26.7<br>pdf(temp): 0.01,,,0.588009029,July<br>temp: 26.7<br>pdf(temp): 0.02,,,0.503721713,August<br>temp: 26.7<br>pdf(temp): 0.03,,,0.38974106,September<br>temp: 26.7<br>pdf(temp): 0.01,,,0.28483559,October<br>temp: 26.7<br>pdf(temp): 0.00,,,0.189890393,November<br>temp: 26.7<br>pdf(temp): 0.00,,,0.094945197,December<br>temp: 26.7<br>pdf(temp): 0.00
,,26.96969697,1.139342359,January<br>temp: 27.0<br>pdf(temp): 0.00,,,1.044397162,February<br>temp: 27.0<br>pdf(temp): 0.00,,,0.949451966,March<br>temp: 27.0<br>pdf(temp): 0.00,,,0.854506769,April<br>temp: 27.0<br>pdf(temp): 0.00,,,0.759562147,May<br>temp: 27.0<br>pdf(temp): 0.00,,,0.672209772,June<br>temp: 27.0<br>pdf(temp): 0.01,,,0.585334281,July<br>temp: 27.0<br>pdf(temp): 0.02,,,0.502967126,August<br>temp: 27.0<br>pdf(temp): 0.03,,,0.389464167,September<br>temp: 27.0<br>pdf(temp): 0.01,,,0.28483559,October<br>temp: 27.0<br>pdf(temp): 0.00,,,0.189890393,November<br>temp: 27.0<br>pdf(temp): 0.00,,,0.094945197,December<br>temp: 27.0<br>pdf(temp): 0.00
,,27.27272727,1.139342359,January<br>temp: 27.3<br>pdf(temp): 0.00,,,1.044397162,February<br>temp: 27.3<br>pdf(temp): 0.00,,,0.949451966,March<br>temp: 27.3<br>pdf(temp): 0.00,,,0.854506769,April<br>temp: 27.3<br>pdf(temp): 0.00,,,0.759561818,May<br>temp: 27.3<br>pdf(temp): 0.00,,,0.670982762,June<br>temp: 27.3<br>pdf(temp): 0.01,,,0.582577227,July<br>temp: 27.3<br>pdf(temp): 0.01,,,0.501960771,August<br>temp: 27.3<br>pdf(temp): 0.03,,,0.389346832,September<br>temp: 27.3<br>pdf(temp): 0.01,,,0.28483559,October<br>temp: 27.3<br>pdf(temp): 0.00,,,0.189890393,November<br>temp: 27.3<br>pdf(temp): 0.00,,,0.094945197,December<br>temp: 27.3<br>pdf(temp): 0.00
,,27.57575758,1.139342359,January<br>temp: 27.6<br>pdf(temp): 0.00,,,1.044397162,February<br>temp: 27.6<br>pdf(temp): 0.00,,,0.949451966,March<br>temp: 27.6<br>pdf(temp): 0.00,,,0.854506769,April<br>temp: 27.6<br>pdf(temp): 0.00,,,0.759561674,May<br>temp: 27.6<br>pdf(temp): 0.00,,,0.669735302,June<br>temp: 27.6<br>pdf(temp): 0.01,,,0.579900045,July<br>temp: 27.6<br>pdf(temp): 0.01,,,0.500649593,August<br>temp: 27.6<br>pdf(temp): 0.03,,,0.389261123,September<br>temp: 27.6<br>pdf(temp): 0.01,,,0.28483559,October<br>temp: 27.6<br>pdf(temp): 0.00,,,0.189890393,November<br>temp: 27.6<br>pdf(temp): 0.00,,,0.094945197,December<br>temp: 27.6<br>pdf(temp): 0.00
,,27.87878788,1.139342359,January<br>temp: 27.9<br>pdf(temp): 0.00,,,1.044397162,February<br>temp: 27.9<br>pdf(temp): 0.00,,,0.949451966,March<br>temp: 27.9<br>pdf(temp): 0.00,,,0.854506769,April<br>temp: 27.9<br>pdf(temp): 0.00,,,0.759561613,May<br>temp: 27.9<br>pdf(temp): 0.00,,,0.668559037,June<br>temp: 27.9<br>pdf(temp): 0.00,,,0.577453169,July<br>temp: 27.9<br>pdf(temp): 0.01,,,0.499015796,August<br>temp: 27.9<br>pdf(temp): 0.02,,,0.389092239,September<br>temp: 27.9<br>pdf(temp): 0.01,,,0.28483559,October<br>temp: 27.9<br>pdf(temp): 0.00,,,0.189890393,November<br>temp: 27.9<br>pdf(temp): 0.00,,,0.094945197,December<br>temp: 27.9<br>pdf(temp): 0.00
,,28.18181818,1.139342359,January<br>temp: 28.2<br>pdf(temp): 0.00,,,1.044397162,February<br>temp: 28.2<br>pdf(temp): 0.00,,,0.949451966,March<br>temp: 28.2<br>pdf(temp): 0.00,,,0.854506769,April<br>temp: 28.2<br>pdf(temp): 0.00,,,0.759561588,May<br>temp: 28.2<br>pdf(temp): 0.00,,,0.667523047,June<br>temp: 28.2<br>pdf(temp): 0.00,,,0.57534611,July<br>temp: 28.2<br>pdf(temp): 0.01,,,0.497076545,August<br>temp: 28.2<br>pdf(temp): 0.02,,,0.388756921,September<br>temp: 28.2<br>pdf(temp): 0.01,,,0.28483559,October<br>temp: 28.2<br>pdf(temp): 0.00,,,0.189890393,November<br>temp: 28.2<br>pdf(temp): 0.00,,,0.094945197,December<br>temp: 28.2<br>pdf(temp): 0.00
,,28.48484848,1.139342359,January<br>temp: 28.5<br>pdf(temp): 0.00,,,1.044397162,February<br>temp: 28.5<br>pdf(temp): 0.00,,,0.949451966,March<br>temp: 28.5<br>pdf(temp): 0.00,,,0.854506769,April<br>temp: 28.5<br>pdf(temp): 0.00,,,0.759561578,May<br>temp: 28.5<br>pdf(temp): 0.00,,,0.666666522,June<br>temp: 28.5<br>pdf(temp): 0.00,,,0.573633976,July<br>temp: 28.5<br>pdf(temp): 0.00,,,0.494881156,August<br>temp: 28.5<br>pdf(temp): 0.02,,,0.388214285,September<br>temp: 28.5<br>pdf(temp): 0.01,,,0.28483559,October<br>temp: 28.5<br>pdf(temp): 0.00,,,0.189890393,November<br>temp: 28.5<br>pdf(temp): 0.00,,,0.094945197,December<br>temp: 28.5<br>pdf(temp): 0.00
,,28.78787879,1.139342359,January<br>temp: 28.8<br>pdf(temp): 0.00,,,1.044397162,February<br>temp: 28.8<br>pdf(temp): 0.00,,,0.949451966,March<br>temp: 28.8<br>pdf(temp): 0.00,,,0.854506769,April<br>temp: 28.8<br>pdf(temp): 0.00,,,0.759561575,May<br>temp: 28.8<br>pdf(temp): 0.00,,,0.665999366,June<br>temp: 28.8<br>pdf(temp): 0.00,,,0.572319121,July<br>temp: 28.8<br>pdf(temp): 0.00,,,0.49250535,August<br>temp: 28.8<br>pdf(temp): 0.02,,,0.387467472,September<br>temp: 28.8<br>pdf(temp): 0.01,,,0.28483559,October<br>temp: 28.8<br>pdf(temp): 0.00,,,0.189890393,November<br>temp: 28.8<br>pdf(temp): 0.00,,,0.094945197,December<br>temp: 28.8<br>pdf(temp): 0.00
,,29.09090909,1.139342359,January<br>temp: 29.1<br>pdf(temp): 0.00,,,1.044397162,February<br>temp: 29.1<br>pdf(temp): 0.00,,,0.949451966,March<br>temp: 29.1<br>pdf(temp): 0.00,,,0.854506769,April<br>temp: 29.1<br>pdf(temp): 0.00,,,0.759561573,May<br>temp: 29.1<br>pdf(temp): 0.00,,,0.665508469,June<br>temp: 29.1<br>pdf(temp): 0.00,,,0.571363429,July<br>temp: 29.1<br>pdf(temp): 0.00,,,0.490042626,August<br>temp: 29.1<br>pdf(temp): 0.02,,,0.386556818,September<br>temp: 29.1<br>pdf(temp): 0.01,,,0.28483559,October<br>temp: 29.1<br>pdf(temp): 0.00,,,0.189890393,November<br>temp: 29.1<br>pdf(temp): 0.00,,,0.094945197,December<br>temp: 29.1<br>pdf(temp): 0.00
,,29.39393939,1.139342359,January<br>temp: 29.4<br>pdf(temp): 0.00,,,1.044397162,February<br>temp: 29.4<br>pdf(temp): 0.00,,,0.949451966,March<br>temp: 29.4<br>pdf(temp): 0.00,,,0.854506769,April<br>temp: 29.4<br>pdf(temp): 0.00,,,0.759561573,May<br>temp: 29.4<br>pdf(temp): 0.00,,,0.665166552,June<br>temp: 29.4<br>pdf(temp): 0.00,,,0.570705171,July<br>temp: 29.4<br>pdf(temp): 0.00,,,0.487593517,August<br>temp: 29.4<br>pdf(temp): 0.01,,,0.385547081,September<br>temp: 29.4<br>pdf(temp): 0.01,,,0.28483559,October<br>temp: 29.4<br>pdf(temp): 0.00,,,0.189890393,November<br>temp: 29.4<br>pdf(temp): 0.00,,,0.094945197,December<br>temp: 29.4<br>pdf(temp): 0.00
,,29.6969697,1.139342359,January<br>temp: 29.7<br>pdf(temp): 0.00,,,1.044397162,February<br>temp: 29.7<br>pdf(temp): 0.00,,,0.949451966,March<br>temp: 29.7<br>pdf(temp): 0.00,,,0.854506769,April<br>temp: 29.7<br>pdf(temp): 0.00,,,0.759561573,May<br>temp: 29.7<br>pdf(temp): 0.00,,,0.664940758,June<br>temp: 29.7<br>pdf(temp): 0.00,,,0.570275068,July<br>temp: 29.7<br>pdf(temp): 0.00,,,0.485254201,August<br>temp: 29.7<br>pdf(temp): 0.01,,,0.384512269,September<br>temp: 29.7<br>pdf(temp): 0.00,,,0.28483559,October<br>temp: 29.7<br>pdf(temp): 0.00,,,0.189890393,November<br>temp: 29.7<br>pdf(temp): 0.00,,,0.094945197,December<br>temp: 29.7<br>pdf(temp): 0.00
,,30,1.139342359,January<br>temp: 30.0<br>pdf(temp): 0.00,,,1.044397162,February<br>temp: 30.0<br>pdf(temp): 0.00,,,0.949451966,March<br>temp: 30.0<br>pdf(temp): 0.00,,,0.854506769,April<br>temp: 30.0<br>pdf(temp): 0.00,,,0.759561573,May<br>temp: 30.0<br>pdf(temp): 0.00,,,0.664799208,June<br>temp: 30.0<br>pdf(temp): 0.00,,,0.570008239,July<br>temp: 30.0<br>pdf(temp): 0.00,,,0.483106249,August<br>temp: 30.0<br>pdf(temp): 0.01,,,0.383521612,September<br>temp: 30.0<br>pdf(temp): 0.00,,,0.28483559,October<br>temp: 30.0<br>pdf(temp): 0.00,,,0.189890393,November<br>temp: 30.0<br>pdf(temp): 0.00,,,0.094945197,December<br>temp: 30.0<br>pdf(temp): 0.00
